{"cameraMode":{"drawMode":0,"name":"Shaded","section":"Shading Mode"},"sceneLighting":false,"audioPlay":false,"sceneViewState":{"m_AlwaysRefresh":false,"showFog":true,"showSkybox":false,"showFlares":true,"showImageEffects":true,"showParticleSystems":true,"showVisualEffectGraphs":true,"m_FxEnabled":true},"in2DMode":false,"pivot":{"x":-7.1288042068481449,"y":7.900480270385742,"z":-9.726936340332032},"rotation":{"x":-0.11483477801084519,"y":-0.049446117132902148,"z":0.005671083461493254,"w":-0.992240846157074},"size":11.662188529968262,"orthographic":false}